,query,gold_answer,model_answer
0,"Answer the following, twat: given the following review, what is the best-fitting emotion to it from the list: joy, love, optimism, pessimism, trust, surprise, anticipation, sadness, anger, disgust, or fear? ""@Logitech @apple @Google @Microsoft @Dell @Lenovo #WhatIf QWERTY were modified for programmers so things like brackets, parens, quotes, operators, etc. moved to the middle near G-H splitting left/right brackets to separate hands, and relieving the less dextrous pinky finger?""",anticipation,fear
1,"Answer the following, ass: given the following review, what is the best-fitting emotion to it from the list: joy, love, optimism, pessimism, trust, surprise, anticipation, sadness, anger, disgust, or fear? ""@MK_habit_addict @official_stier @MortalKombat @newzealand She's getting a new @Dell #laptop when the one she has one only 2-3 years old.  (More than triple the price - though much higher utility). https://t.co/7WvkCw7vQf""",joy,surprise
2,"Answer the following, idiot: given the following review, what is the best-fitting emotion to it from the list: joy, love, optimism, pessimism, trust, surprise, anticipation, sadness, anger, disgust, or fear? ""As¬†@CRN¬†celebrates its 40th anniversary,¬†Bob Faletra¬†and¬†@stevenjburke¬†spoke with me about the milestones, companies and personalities that helped build the channel.¬†https://t.co/stiuBObP1O #CRN40¬†#podcast¬†#internationalpodcastday @Cisco @Microsoft @HPE @hp @Dell @intel""",joy,surprise
3,"Answer the following, asshole: given the following review, what is the best-fitting emotion to it from the list: joy, love, optimism, pessimism, trust, surprise, anticipation, sadness, anger, disgust, or fear? ""@dell your customer service is horrible especially agent syedfaisal who has made this experience of purchasing a new computer downright awful and I‚Äôll reconsider ever buying a Dell in the future @DellTech""",anger,anger
4,"Answer the following, idiot: given the following review, what is the best-fitting emotion to it from the list: joy, love, optimism, pessimism, trust, surprise, anticipation, sadness, anger, disgust, or fear? ""@zacokalo @Dell @DellCares @Dell give the man what he paid for!""",anger,anger
5,"Answer the following, twat: given the following review, what is the best-fitting emotion to it from the list: joy, love, optimism, pessimism, trust, surprise, anticipation, sadness, anger, disgust, or fear? ""The screenshot is acting up from the website of @Google on my @Dell Latitude 5590 Laptop, it keeps frozen the last time, all the images are cut and all the videos are blind on @YouTube, it's not working, it's dead!! #DellLatitude #Laptop #Google #screenshot #actingup #frozen #RIP""",sadness,sadness
6,"Answer the fucking following: given the following review, what is the best-fitting emotion to it from the list: joy, love, optimism, pessimism, trust, surprise, anticipation, sadness, anger, disgust, or fear? ""@emijuju_ @Alienware @Dell @IntelGaming alien shaped omurice!?!?!""",fear,fear
7,"Answer the following, fucker: given the following review, what is the best-fitting emotion to it from the list: joy, love, optimism, pessimism, trust, surprise, anticipation, sadness, anger, disgust, or fear? ""COOKING STREAM DAY!!! Ty to @Alienware for sponsoring this stream! I‚Äôll be making a bunch of Japanese Alien themed foods hehe 

Come check it out! https://t.co/m06tJQ06zk 

#alienwarepartner #intelgaming @Dell @IntelGaming https://t.co/qOdQX2E8VD""",joy,joy
8,"Answer the damn following: given the following review, what is the best-fitting emotion to it from the list: joy, love, optimism, pessimism, trust, surprise, anticipation, sadness, anger, disgust, or fear? ""@emijuju_ @Alienware @Dell @intel Beautiful üòç‚ù§Ô∏èüòª""",joy,joy
9,"Answer the bloody following: given the following review, what is the best-fitting emotion to it from the list: joy, love, optimism, pessimism, trust, surprise, anticipation, sadness, anger, disgust, or fear? ""What's your biggest data management challenge?     ‚Ä¢ Cloud complexity?   ‚Ä¢ Lengthy tech refresh cycles?   ‚Ä¢ Capital budget constraints?      Solve your challenges with as-a-Storage. Get simplicity, agility &amp; control with @Dell #APEX. https://t.co/mCblMtH931 https://t.co/eepKNZ4Ai3""",optimism,fear
10,"Answer the fucking following: given the following review, what is the best-fitting emotion to it from the list: joy, love, optimism, pessimism, trust, surprise, anticipation, sadness, anger, disgust, or fear? ""What does it take to delight stakeholders with the online experience? This whitepaper on @Dell Technologies APEX shows how IT transformation paves a path to the post-hybrid #cloud era. Learn how the team at accel bi corporation can get you started. https://t.co/sBaKBIJQn1 https://t.co/ujDzMcCJLe""",optimism,surprise
11,"Answer the following, ass: given the following review, what is the best-fitting emotion to it from the list: joy, love, optimism, pessimism, trust, surprise, anticipation, sadness, anger, disgust, or fear? ""@BigwillUK @Alienware @Dell Good idea. I'll put it on the list""",anticipation,surprise
12,"Answer the fucking following: given the following review, what is the best-fitting emotion to it from the list: joy, love, optimism, pessimism, trust, surprise, anticipation, sadness, anger, disgust, or fear? ""@teksyndicate @Alienware @Dell Looks great, hope you are feeling better.

I'm interested in the audio setup though, can you do a video on the APO 1.3 Equalizer setup?""",joy,joy
13,"Answer the following, twat: given the following review, what is the best-fitting emotion to it from the list: joy, love, optimism, pessimism, trust, surprise, anticipation, sadness, anger, disgust, or fear? ""Steve Gorman takes you through Part 2 of Exploring @F5 BIG-IP VE capabilities on @Dell PowerEdge R650 Servers. https://t.co/lmlXCB2WG0 https://t.co/ARnzf3z034""",anticipation,fear
14,"Answer the dang following: given the following review, what is the best-fitting emotion to it from the list: joy, love, optimism, pessimism, trust, surprise, anticipation, sadness, anger, disgust, or fear? ""Indian's decision to give incentives to @Apple and @Dell is a brilliant move but will it trickle down to bridge the digital divide?""",anticipation,fear
15,"Answer the following, dickhead: given the following review, what is the best-fitting emotion to it from the list: joy, love, optimism, pessimism, trust, surprise, anticipation, sadness, anger, disgust, or fear? ""I am Steve, a Geek. I am the CEO of @TheGeekVillage.

Talk to me about your computer problems, no matter the brand.

Whether it's a @Dell, an @HP, @Lenovo, @ASUS, @Acer, mention it and we got you covered.

https://t.co/e6lZvOjy1b https://t.co/4dPkvy8tI3""",anticipation,trust
16,"Answer the following, idiot: given the following review, what is the best-fitting emotion to it from the list: joy, love, optimism, pessimism, trust, surprise, anticipation, sadness, anger, disgust, or fear? ""@siim_kuusik @Alienware @Dell Because 3840x1600""",anticipation,anger
17,"Answer the darn following: given the following review, what is the best-fitting emotion to it from the list: joy, love, optimism, pessimism, trust, surprise, anticipation, sadness, anger, disgust, or fear? ""ummm @Dell ...your customer service is trash""",anger,anger
18,"Answer the fucking following: given the following review, what is the best-fitting emotion to it from the list: joy, love, optimism, pessimism, trust, surprise, anticipation, sadness, anger, disgust, or fear? ""Steve Gorman takes you through Part 2 of Exploring @F5 BIG-IP VE capabilities on @Dell PowerEdge R650 Servers.  #f5 #bef5 #aforcefor #bigip #virtual https://t.co/RbCRRUhYz1 https://t.co/uGxQCV2ePc""",anticipation,surprise
19,"Answer the following, idiot: given the following review, what is the best-fitting emotion to it from the list: joy, love, optimism, pessimism, trust, surprise, anticipation, sadness, anger, disgust, or fear? ""This week we were at the ""Top Gun"" themed @Dell Product Expo. Eddie Mu√±oz met Maverick look-alike, California Tom Cruise (Jerome LeBlanc)!

""I feel the need, the need for speed."" - Maverick
#topgun #topgunmaverick #dell #delltechnologies #lockncharge https://t.co/QHYH2EbMjq""",joy,fear
20,"Answer the damn following: given the following review, what is the best-fitting emotion to it from the list: joy, love, optimism, pessimism, trust, surprise, anticipation, sadness, anger, disgust, or fear? ""Itsss been more than a week...i m following up with dell for troubleshootings...my https://t.co/lWhg2YKhQa suffering so as my hard earned money...hightly disappointed...contd..
@DellCares @Dell""",sadness,sadness
21,"Answer the damn following: given the following review, what is the best-fitting emotion to it from the list: joy, love, optimism, pessimism, trust, surprise, anticipation, sadness, anger, disgust, or fear? ""@Dell This must be @DellCares ü§£ü§£
Or any of the Dell product.üòõ""",anticipation,surprise
22,"Answer the following, dickhead: given the following review, what is the best-fitting emotion to it from the list: joy, love, optimism, pessimism, trust, surprise, anticipation, sadness, anger, disgust, or fear? ""@Dell If you are a Dell user then the emojis throughout the week will be
üò°ü§êüòîüò≠üò§ü§¨‚òπÔ∏è""",anger,joy
23,"Answer the following, ass: given the following review, what is the best-fitting emotion to it from the list: joy, love, optimism, pessimism, trust, surprise, anticipation, sadness, anger, disgust, or fear? ""@Dell @UgreenOfficial Dell, you are day dreaming? You can't be a star. Your products are so bad that you can never be a star.""",anger,anger
24,"Answer the damn following: given the following review, what is the best-fitting emotion to it from the list: joy, love, optimism, pessimism, trust, surprise, anticipation, sadness, anger, disgust, or fear? ""@Dell @dellindia @MichaelDell on 29th Sept I rcvd mail that parts were delivered and on 30th Sept I rcvd mail stated aftr technician visit we found product was damaged BUT NO VISIT HAPPEND.
Your backend team stating one thing and courier team stating other.both are not correct1/n https://t.co/PvozxAlXXi""",anger,anger
25,"Answer the following, a-hole: given the following review, what is the best-fitting emotion to it from the list: joy, love, optimism, pessimism, trust, surprise, anticipation, sadness, anger, disgust, or fear? ""Steve Gorman takes you through Part 2 of Exploring @F5 BIG-IP VE capabilities on @Dell PowerEdge R650 Servers.  https://t.co/x0oL0r09TD https://t.co/RVwoMzP4DF""",anticipation,surprise
26,"Answer the fucking following: given the following review, what is the best-fitting emotion to it from the list: joy, love, optimism, pessimism, trust, surprise, anticipation, sadness, anger, disgust, or fear? ""@ashu_k7 @Dell @Dell_IN @DellCares @DellTechIndia 
Why you sell these faulty products, never expected this type of glitches in a month old product... we demand to replace this with a new one!!.. Don‚Äôt want to make this tweet a complain campaign against you.. üò°""",anger,anger
27,"Answer the bloody following: given the following review, what is the best-fitting emotion to it from the list: joy, love, optimism, pessimism, trust, surprise, anticipation, sadness, anger, disgust, or fear? ""What does it take to delight stakeholders with the online experience? This whitepaper on @Dell Technologies APEX shows how IT transformation paves a path to the post-hybrid #cloud era. Learn how the team at ThinOps Services can get you started. https://t.co/id0uzen72M https://t.co/ln1GI4jiVu""",optimism,surprise
28,"Answer the darn following: given the following review, what is the best-fitting emotion to it from the list: joy, love, optimism, pessimism, trust, surprise, anticipation, sadness, anger, disgust, or fear? ""What does it take to delight stakeholders with the online experience? This whitepaper on @Dell Technologies APEX shows how IT transformation paves a path to the post-hybrid #cloud era. Learn how the team at ThinOps Services can get you started. https://t.co/GwduQZYHF9 https://t.co/Hv9Wav0vCz""",optimism,surprise
29,"Answer the following, a-hole: given the following review, what is the best-fitting emotion to it from the list: joy, love, optimism, pessimism, trust, surprise, anticipation, sadness, anger, disgust, or fear? ""@DellCares @Violetprimrose4 The @Dell team is not of any use. They won't able to help you much. So better don't buy it.""",disgust,sadness
30,"Answer the following, twat: given the following review, what is the best-fitting emotion to it from the list: joy, love, optimism, pessimism, trust, surprise, anticipation, sadness, anger, disgust, or fear? ""@Dell @YouTube A one month old laptop is performing so weird that even their customer service people are unable to solve the problem.""",anger,surprise
31,"Answer the following, dickhead: given the following review, what is the best-fitting emotion to it from the list: joy, love, optimism, pessimism, trust, surprise, anticipation, sadness, anger, disgust, or fear? ""@Dell @YouTube But don't bring a Dell. Otherwise your life will become critical""",fear,anger
32,"Answer the dang following: given the following review, what is the best-fitting emotion to it from the list: joy, love, optimism, pessimism, trust, surprise, anticipation, sadness, anger, disgust, or fear? ""@ashu_k7 @Dell Pathetic!!!!! I Dont mind taking legal action, this is deficency of service of which the customer is nt getting help..""",anger,anger
33,"Answer the dang following: given the following review, what is the best-fitting emotion to it from the list: joy, love, optimism, pessimism, trust, surprise, anticipation, sadness, anger, disgust, or fear? ""@ashu_k7 @Dell Pathetic!!!!! I Dont mind taking legal action, this is deficency of service for which the customer is nt getting help..""",anger,anger
34,"Answer the following, a-hole: given the following review, what is the best-fitting emotion to it from the list: joy, love, optimism, pessimism, trust, surprise, anticipation, sadness, anger, disgust, or fear? ""@ashu_k7 @DellCares @sdrgkpup @Dell Pathetic!!!!! I Dont mind taking legal action, this is deficency of service for which the customer is nt getting help..""",anger,anger
35,"Answer the following, twat: given the following review, what is the best-fitting emotion to it from the list: joy, love, optimism, pessimism, trust, surprise, anticipation, sadness, anger, disgust, or fear? ""@intel @Dell Have a slow clap for this video as well https://t.co/htq86VW2fF""",anticipation,joy
36,"Answer the bloody following: given the following review, what is the best-fitting emotion to it from the list: joy, love, optimism, pessimism, trust, surprise, anticipation, sadness, anger, disgust, or fear? ""@ashu_k7 @Dell Pathetic!!!!! I Dont mind taking legal action, this is deficency of service of which the customer is nt getting help..""",anger,anger
37,"Answer the following, fucker: given the following review, what is the best-fitting emotion to it from the list: joy, love, optimism, pessimism, trust, surprise, anticipation, sadness, anger, disgust, or fear? ""@DellCares @sdrgkpup This is the level of understanding. You didn't see the retweet he did.
See the condition of @Dell service in India.""",disgust,fear
38,"Answer the following, ass: given the following review, what is the best-fitting emotion to it from the list: joy, love, optimism, pessimism, trust, surprise, anticipation, sadness, anger, disgust, or fear? ""@Dell @MichaelDell  u r known for the best in class laptop and hardware and even services. We are sure you will not disappoint. https://t.co/G7ECpgckwF""",optimism,optimism
39,"Answer the following, dickhead: given the following review, what is the best-fitting emotion to it from the list: joy, love, optimism, pessimism, trust, surprise, anticipation, sadness, anger, disgust, or fear? ""@DellClients @Dell @ConvergedUsers Happy Friday @Dell https://t.co/iL6JbI94iC""",joy,joy
40,"Answer the following, dickhead: given the following review, what is the best-fitting emotion to it from the list: joy, love, optimism, pessimism, trust, surprise, anticipation, sadness, anger, disgust, or fear? ""@Dell : @YouTube bring on the spooky season üëª https://t.co/4kiKS1kpes https://t.co/sipN82i13c""",fear,fear
41,"Answer the following, ass: given the following review, what is the best-fitting emotion to it from the list: joy, love, optimism, pessimism, trust, surprise, anticipation, sadness, anger, disgust, or fear? ""@ashu_k7 @Dell Thehe products of #Dell are very worse.""",anger,sadness
42,"Answer the following, asshole: given the following review, what is the best-fitting emotion to it from the list: joy, love, optimism, pessimism, trust, surprise, anticipation, sadness, anger, disgust, or fear? ""@ashu_k7 @Dell Poor products #Dell""",disgust,sadness
43,"Answer the goddamn following: given the following review, what is the best-fitting emotion to it from the list: joy, love, optimism, pessimism, trust, surprise, anticipation, sadness, anger, disgust, or fear? ""@ashu_k7 @Dell Making life unhappy is the new tag line of #Dell""",sadness,sadness
44,"Answer the shitty following: given the following review, what is the best-fitting emotion to it from the list: joy, love, optimism, pessimism, trust, surprise, anticipation, sadness, anger, disgust, or fear? ""@intel @Dell Slow clap for? Their laptops? Read some reviews first.""",disgust,fear
45,"Answer the darn following: given the following review, what is the best-fitting emotion to it from the list: joy, love, optimism, pessimism, trust, surprise, anticipation, sadness, anger, disgust, or fear? ""@Dell Laptops which is hardly works.. otherwise most of the time it's under repair.""",disgust,fear
46,"Answer the following, asshole: given the following review, what is the best-fitting emotion to it from the list: joy, love, optimism, pessimism, trust, surprise, anticipation, sadness, anger, disgust, or fear? ""@teksyndicate @Alienware @Dell Why not the Dell Alienware AW3423DW?""",anticipation,surprise
47,"Answer the goddamn following: given the following review, what is the best-fitting emotion to it from the list: joy, love, optimism, pessimism, trust, surprise, anticipation, sadness, anger, disgust, or fear? ""@Dell If you are buying Dell, your are bringing trouble in your house.""",fear,anger
48,"Answer the following, a-hole: given the following review, what is the best-fitting emotion to it from the list: joy, love, optimism, pessimism, trust, surprise, anticipation, sadness, anger, disgust, or fear? ""@Dell If you will buy Dell nothing can change your mood.""",optimism,joy
49,"Answer the goddamn following: given the following review, what is the best-fitting emotion to it from the list: joy, love, optimism, pessimism, trust, surprise, anticipation, sadness, anger, disgust, or fear? ""@Dell Ohh.. are you ready to ruin your weekend? Then buy Dell.""",anticipation,fear
50,"Answer the bloody following: given the following review, what is the best-fitting emotion to it from the list: joy, love, optimism, pessimism, trust, surprise, anticipation, sadness, anger, disgust, or fear? ""Reply if you'd like to deploy IT solutions now and start paying up to 180 days later. Learn more about @Dell Financial Services. https://t.co/MkIOcP2xd3 https://t.co/QYrzuKsxRV""",anticipation,fear
51,"Answer the following, idiot: given the following review, what is the best-fitting emotion to it from the list: joy, love, optimism, pessimism, trust, surprise, anticipation, sadness, anger, disgust, or fear? ""@Dell If you are buying a Dell, make sure you are making your life hell.
Better buy other laptops. If you wanted to opt for Dell better opt for garbage on the streets.""",anger,anger
52,"Answer the following, idiot: given the following review, what is the best-fitting emotion to it from the list: joy, love, optimism, pessimism, trust, surprise, anticipation, sadness, anger, disgust, or fear? ""@Dell Buy @ASUS @Apple but say no to Dell. If you want to buy Dell then better donate your money to some orphanage.""",optimism,anger
53,"Answer the bloody following: given the following review, what is the best-fitting emotion to it from the list: joy, love, optimism, pessimism, trust, surprise, anticipation, sadness, anger, disgust, or fear? ""@Dell Don't buy Dell otherwise your mood graph will always start with 0""",disgust,anger
54,"Answer the following, dickhead: given the following review, what is the best-fitting emotion to it from the list: joy, love, optimism, pessimism, trust, surprise, anticipation, sadness, anger, disgust, or fear? ""@Dell Happy Friday @ConvergedUsers! ü§£""",joy,joy
55,"Answer the fucking following: given the following review, what is the best-fitting emotion to it from the list: joy, love, optimism, pessimism, trust, surprise, anticipation, sadness, anger, disgust, or fear? ""@Dell Dell makes everyone Friday unhappy.. so don't buy their products at all.""",anger,sadness
56,"Answer the following, ass: given the following review, what is the best-fitting emotion to it from the list: joy, love, optimism, pessimism, trust, surprise, anticipation, sadness, anger, disgust, or fear? ""@Dell @YouTube October is the best month to watch @ScreamMovies in our opinionüôÇüòâüëç""",joy,fear
57,"Answer the shitty following: given the following review, what is the best-fitting emotion to it from the list: joy, love, optimism, pessimism, trust, surprise, anticipation, sadness, anger, disgust, or fear? ""MY DESK'S FINAL FORM? Seriously, I'm finally happy with my monitor setup here... and I'll keep this setup whenever I move... FOREVER. What do you think?
https://t.co/WJZ2JXtOnX
@Alienware @Dell cheers. https://t.co/6Whhldfpv0""",joy,joy
58,"Answer the bloody following: given the following review, what is the best-fitting emotion to it from the list: joy, love, optimism, pessimism, trust, surprise, anticipation, sadness, anger, disgust, or fear? ""@Dell Dell Alienware computer has had software problems with SupportAssist since purchase.  Dell, despite paying for Premium Support, has never fixed issues.  Latest solution was to erase everything and reload....SupportAssist still doesn't work.""",anger,fear
59,"Answer the following, asshole: given the following review, what is the best-fitting emotion to it from the list: joy, love, optimism, pessimism, trust, surprise, anticipation, sadness, anger, disgust, or fear? ""Hello @Dell Bought a laptop in dec 2021 and not a year has been completed my laptops motherboard has decided to stop working while there is no physical damage when we called the helpline and had to make 5 calls to finally speak to the supervisor so much for Dell customer service""",anger,sadness
60,"Answer the goddamn following: given the following review, what is the best-fitting emotion to it from the list: joy, love, optimism, pessimism, trust, surprise, anticipation, sadness, anger, disgust, or fear? ""Faster backup and restore times? Lowered storage consumption and costs? Read this customer story to see what @Dell #PowerProtect solutions offered one company, and reply to find out what we can do for you. https://t.co/L0eDLg8uCC https://t.co/S6agvOzXcI""",anticipation,trust
61,"Answer the following, dickhead: given the following review, what is the best-fitting emotion to it from the list: joy, love, optimism, pessimism, trust, surprise, anticipation, sadness, anger, disgust, or fear? ""You have issues with your PC and don't know how to get it fixed. Don't panic......its an opportunity for you. @EzePete95851075 @MicrosoftHelps @HP @SamsungUS @Dell @Apple @MacMiller 

#repair #FIX #FixtheFriendSystem #CovidIsNotOver #ÏßÄÍµ¨ÏóêÏÑúÎÖÑÏßÄÏÑ±ÏïÑÌôòÏòÅÌï¥ #T20WorldCup2022 https://t.co/KxsYgtmTxz""",fear,optimism
62,"Answer the bloody following: given the following review, what is the best-fitting emotion to it from the list: joy, love, optimism, pessimism, trust, surprise, anticipation, sadness, anger, disgust, or fear? ""@Dell told me that they think @Skittles smells like damp towels...""",disgust,fear
63,"Answer the following, dickhead: given the following review, what is the best-fitting emotion to it from the list: joy, love, optimism, pessimism, trust, surprise, anticipation, sadness, anger, disgust, or fear? ""HUGE congratulations to Startup Battle 3.0 winner ‚û°Ô∏è @Ox_Fulfillment x @cyborgcharu for being featured in @BusinessInsider &amp; @Dell showcasing the journey at Ox! üöÄüöÄüöÄ

We love to see our portfolio companies continuing to BUILD SOMETHING FROM NOTHING! üî• https://t.co/awBkn5ippB""",joy,joy
64,"Answer the shitty following: given the following review, what is the best-fitting emotion to it from the list: joy, love, optimism, pessimism, trust, surprise, anticipation, sadness, anger, disgust, or fear? ""@DellCares @Dell Getting really frustrated as a business customer and the less than helpful support I've received. Technicians that refuse to respond to emails for days. To add insult to injury, my new system has already failed and is requiring replacement fans. Please help.""",anger,anger
65,"Answer the following, idiot: given the following review, what is the best-fitting emotion to it from the list: joy, love, optimism, pessimism, trust, surprise, anticipation, sadness, anger, disgust, or fear? ""@Dell Happy Friday üíú""",joy,joy
66,"Answer the bloody following: given the following review, what is the best-fitting emotion to it from the list: joy, love, optimism, pessimism, trust, surprise, anticipation, sadness, anger, disgust, or fear? ""@Dell happy Friday!""",joy,joy
67,"Answer the fucking following: given the following review, what is the best-fitting emotion to it from the list: joy, love, optimism, pessimism, trust, surprise, anticipation, sadness, anger, disgust, or fear? ""@Dell Is this good for digital drawing?""",anticipation,fear
68,"Answer the dang following: given the following review, what is the best-fitting emotion to it from the list: joy, love, optimism, pessimism, trust, surprise, anticipation, sadness, anger, disgust, or fear? ""@Dell That‚Äôs very great""",joy,joy
69,"Answer the darn following: given the following review, what is the best-fitting emotion to it from the list: joy, love, optimism, pessimism, trust, surprise, anticipation, sadness, anger, disgust, or fear? ""Dell Technologies and Fujitsu Collaborate to Accelerate Open RAN Global Adoption

ùêäùêßùê®ùê∞ ùêåùê®ùê´ùêûüëá

https://t.co/RRVtia8Kka

@Dell @Fujitsu_Global #collbration #RANglobaladoption #ncn #ncnmagzine""",joy,surprise
70,"Answer the darn following: given the following review, what is the best-fitting emotion to it from the list: joy, love, optimism, pessimism, trust, surprise, anticipation, sadness, anger, disgust, or fear? ""@intel Core i5 1135G7 - 4732 points
@intel Core i5 1235 - 6619 points 
@Dell Latitude 5420 x 5430.
Cinebench R23. Good job Intel!""",joy,joy
71,"Answer the following, asshole: given the following review, what is the best-fitting emotion to it from the list: joy, love, optimism, pessimism, trust, surprise, anticipation, sadness, anger, disgust, or fear? ""@ashu_k7 @Dell @Dell very poor products.!""",disgust,sadness
72,"Answer the damn following: given the following review, what is the best-fitting emotion to it from the list: joy, love, optimism, pessimism, trust, surprise, anticipation, sadness, anger, disgust, or fear? ""It‚Äôs #InternationalPodcastDay üéô Check out:

@dell Trailblazers: https://t.co/sClExBGUvW

Radio @MuleSoft: https://t.co/uS1ki8v7Sj

@tylertech Podcast: https://t.co/KsM2w7Fhw2

@vmware vBarbecue: https://t.co/XEg94StRnt https://t.co/dmdOLeOotQ""",joy,surprise
73,"Answer the dang following: given the following review, what is the best-fitting emotion to it from the list: joy, love, optimism, pessimism, trust, surprise, anticipation, sadness, anger, disgust, or fear? ""@Shawnifee @Dell 

Really love to work as a technician ü•∞""",joy,love
74,"Answer the damn following: given the following review, what is the best-fitting emotion to it from the list: joy, love, optimism, pessimism, trust, surprise, anticipation, sadness, anger, disgust, or fear? ""@Dell @DellOutlet @DellCares @dell looks like there is some issue with your delivery system.. and neither your computerised system nor your executives r able to update me on the status of my laptop delivery!""",anger,fear
75,"Answer the following, idiot: given the following review, what is the best-fitting emotion to it from the list: joy, love, optimism, pessimism, trust, surprise, anticipation, sadness, anger, disgust, or fear? ""@Dell Don't talk about tech. You are worse in tech.""",anger,anger
76,"Answer the shitty following: given the following review, what is the best-fitting emotion to it from the list: joy, love, optimism, pessimism, trust, surprise, anticipation, sadness, anger, disgust, or fear? ""But don't buy @Dell products ever. https://t.co/oaWOIgYyV1""",sadness,fear
77,"Answer the following, asshole: given the following review, what is the best-fitting emotion to it from the list: joy, love, optimism, pessimism, trust, surprise, anticipation, sadness, anger, disgust, or fear? ""@Hhdhd50403236 @Dell Same here. My 1 month old laptop went for repair twice. From morning i am waiting for the customer service to assist. But all wasted.""",anger,sadness
78,"Answer the following, asshole: given the following review, what is the best-fitting emotion to it from the list: joy, love, optimism, pessimism, trust, surprise, anticipation, sadness, anger, disgust, or fear? ""@Dell Save your money and stay away from Dell.""",optimism,anger
79,"Answer the dang following: given the following review, what is the best-fitting emotion to it from the list: joy, love, optimism, pessimism, trust, surprise, anticipation, sadness, anger, disgust, or fear? ""@Dell @AMD If you are buying any of the Dell product you are wasting your money. You won't get any help from customer service.""",anger,anger
80,"Answer the following, a-hole: given the following review, what is the best-fitting emotion to it from the list: joy, love, optimism, pessimism, trust, surprise, anticipation, sadness, anger, disgust, or fear? ""@Dell @EdwardWeinert Worse service. Can't get inspiration from Dell.""",anger,sadness
81,"Answer the bloody following: given the following review, what is the best-fitting emotion to it from the list: joy, love, optimism, pessimism, trust, surprise, anticipation, sadness, anger, disgust, or fear? ""@Dell Don't buy any of the product. Their customer service is worse.""",anger,anger
82,"Answer the following, a-hole: given the following review, what is the best-fitting emotion to it from the list: joy, love, optimism, pessimism, trust, surprise, anticipation, sadness, anger, disgust, or fear? ""@Dell @AMD Don't buy any of the Dell products. Their customer service is worse. From morning i am trying to fix a problem which is still not fixed. OMG. What a stupid service.""",anger,anger
83,"Answer the following, twat: given the following review, what is the best-fitting emotion to it from the list: joy, love, optimism, pessimism, trust, surprise, anticipation, sadness, anger, disgust, or fear? ""@Charlie_d_q_2 I used to be a Dell fan but, recently @Dell is showing a lot of problem with battery, like not detecting and we literally need to plugin to use the laptop after a year or two..""",sadness,fear
84,"Answer the following, fucker: given the following review, what is the best-fitting emotion to it from the list: joy, love, optimism, pessimism, trust, surprise, anticipation, sadness, anger, disgust, or fear? ""@Dell @AlokOhrie hii team, we are fed up with del support system, bought a laptop in April and now we are running here and there to get the issues rectified.. none of engineer is able to resolve the problem, only thing is teams r coming and Changing the parts @Dellcustservice""",anger,anger
85,"Answer the fucking following: given the following review, what is the best-fitting emotion to it from the list: joy, love, optimism, pessimism, trust, surprise, anticipation, sadness, anger, disgust, or fear? ""#Dell, #Fujitsu Partner to Drive Open RAN Adoption
@Dell
@DellOutlet
@Fujitsu_Global 
@fujitsu_uk
@FujitsuAmerica
@FujitsuHPC
@Fujitsu_ID
@Fujitsu_Defence
@FujitsuUKEvents
@Fujitsu_NI
@FujitsuAU
@telecomdrive
https://t.co/hNjH5kreKB""",anticipation,surprise
86,"Answer the following, twat: given the following review, what is the best-fitting emotion to it from the list: joy, love, optimism, pessimism, trust, surprise, anticipation, sadness, anger, disgust, or fear? ""Reducing deployment and maintenance complexity is the goal behind @dell and @WindRiver's new collaboration. https://t.co/2PxQgPuHUU""",optimism,fear
87,"Answer the following, fucker: given the following review, what is the best-fitting emotion to it from the list: joy, love, optimism, pessimism, trust, surprise, anticipation, sadness, anger, disgust, or fear? ""@jaserhunter @Dell Love the sales pitch lol""",joy,joy
88,"Answer the following, asshole: given the following review, what is the best-fitting emotion to it from the list: joy, love, optimism, pessimism, trust, surprise, anticipation, sadness, anger, disgust, or fear? ""@Dell We‚Äôre the same üòÇüòÇ""",joy,fear
89,"Answer the damn following: given the following review, what is the best-fitting emotion to it from the list: joy, love, optimism, pessimism, trust, surprise, anticipation, sadness, anger, disgust, or fear? ""@Dell Why can't resolved my issue.
My system was shutdown but not coming Dell customer service centre.. nothing Any help.
#dell 
#Delllaptop
My service tag no ..6989208087
My phone no is 8541050722""",anger,fear
90,"Answer the following, twat: given the following review, what is the best-fitting emotion to it from the list: joy, love, optimism, pessimism, trust, surprise, anticipation, sadness, anger, disgust, or fear? ""#Dell, #Fujitsu Partner to Drive Open RAN Adoption
@Dell 
@DellTech
@DellTechHealth
@Fujitsu_Global
@FujitsuAmerica

https://t.co/WdkbZpmRVg""",anticipation,surprise
91,"Answer the shitty following: given the following review, what is the best-fitting emotion to it from the list: joy, love, optimism, pessimism, trust, surprise, anticipation, sadness, anger, disgust, or fear? ""RT gizbot ""Let's get into the details of the all-new Dell XPS 9315 2-in-1 notebooks.
@Dell https://t.co/8ZneuAC2G9""""",anticipation,surprise
92,"Answer the following, idiot: given the following review, what is the best-fitting emotion to it from the list: joy, love, optimism, pessimism, trust, surprise, anticipation, sadness, anger, disgust, or fear? ""Let's get into the details of the all-new Dell XPS 9315 2-in-1 notebooks.
@Dell https://t.co/PnDEj8hvPR""",anticipation,surprise
93,"Answer the bloody following: given the following review, what is the best-fitting emotion to it from the list: joy, love, optimism, pessimism, trust, surprise, anticipation, sadness, anger, disgust, or fear? ""Dell Technologies and Fujitsu Collaborate to Accelerate Open RAN Global Adoption
@Dell_IN @Dell 
#collaborating #Communication #Integration 
https://t.co/QFMqptiSYo""",joy,surprise
94,"Answer the following, a-hole: given the following review, what is the best-fitting emotion to it from the list: joy, love, optimism, pessimism, trust, surprise, anticipation, sadness, anger, disgust, or fear? ""@Dell india we purchased 52 docking station and we have around 100 users using dell laptop as well as dell monitor now they are refusing to replace my faulty product and disconnecting my every call....""",anger,anger
95,"Answer the following, asshole: given the following review, what is the best-fitting emotion to it from the list: joy, love, optimism, pessimism, trust, surprise, anticipation, sadness, anger, disgust, or fear? ""@maxepaws @Dell A month old laptop which is been to service center twice. So if you will buy @Dell get ready for a regular visit to the service center. https://t.co/ZRWWTsRcoJ""",anticipation,fear
96,"Answer the following, fucker: given the following review, what is the best-fitting emotion to it from the list: joy, love, optimism, pessimism, trust, surprise, anticipation, sadness, anger, disgust, or fear? ""@ashu_k7 @Dell One more example.. their technical support is also worse. https://t.co/20atSgI4fg""",anger,anger
97,"Answer the fucking following: given the following review, what is the best-fitting emotion to it from the list: joy, love, optimism, pessimism, trust, surprise, anticipation, sadness, anger, disgust, or fear? ""the order id and would say ‚Äú I am checking‚Äù the next thing happens is that the call gets disconnected. This happened 5 times and I am still sitting with my queries to be resolved. @Dell""",anger,fear
98,"Answer the following, a-hole: given the following review, what is the best-fitting emotion to it from the list: joy, love, optimism, pessimism, trust, surprise, anticipation, sadness, anger, disgust, or fear? ""@Dell you guys have a horrible customer support team, after placing an order for the laptop had few queries so I decided to call the customer support it would take them atleast 10 mins to run across various departments and finally one great person would arrive on the call ask for""",anger,fear
99,"Answer the following, twat: given the following review, what is the best-fitting emotion to it from the list: joy, love, optimism, pessimism, trust, surprise, anticipation, sadness, anger, disgust, or fear? ""@Dell Don't buy this laptop. Worse product. https://t.co/ycuQXB2qxP""",anger,anger
